{
  "model_family": "random_forest",
  "params": {
    "n_estimators": 865,
    "max_depth": 26,
    "min_samples_split": 12,
    "min_samples_leaf": 10,
    "max_features": 0.3032350881433708,
    "n_jobs": -1,
    "random_state": 42
  },
  "metrics": {
    "validation": {
      "rmse": 4.900432858751921,
      "mae": 3.3450342803201862,
      "r2": 0.7741184397050613
    },
    "test": {
      "rmse": 6.306966870132008,
      "mae": 4.130218015403456,
      "r2": 0.7495302304079003
    }
  },
  "data": {
    "train_rows": 100000,
    "val_rows": 30000,
    "test_rows": 30000,
    "target_col": "trip_duration_min",
    "trained_on_range": "2023-01 to 2025-12",
    "data_schema_hash": "c3de760a84ba36233ccbab4ad7ee0b13c6156ad9dce8465818f872317082fe92"
  },
  "quality_gate": {
    "passed": true,
    "violations": [],
    "thresholds": {
      "min_r2": 0.0,
      "max_rmse": 999999.0,
      "max_mae": 999999.0
    }
  },
  "mlflow": {
    "pipeline_run_id": "run_112811022026",
    "experiment_name": "run_112811022026",
    "screening_run_id": "3e13d69224e5462ab1abdea13c029ce5",
    "hpo_run_id": "c9adc38e6b044e69ab1067fc0474a317"
  },
  "created_at_utc": "2026-02-11T11:34:04.847893+00:00"
}
